"iso","adm1","adm2","umd_tree_cover_loss__year","umd_tree_cover_loss__ha","gfw_gross_emissions_co2e_all_gases__Mg"
"CRI",7,9,2001,23.13779142554199232,11877.55391537844288
"CRI",7,9,2002,66.15250462412703590,34386.619135120133071
"CRI",7,9,2003,3.26215288449815536,1792.342347132920528
"CRI",7,9,2004,17.82833015715983075,9735.715072681024905
"CRI",7,9,2005,44.68113072167044132,23006.32100735959144
"CRI",7,9,2006,28.22085691816080736,15291.186048158133428
"CRI",7,9,2007,11.45546158043891564,5967.344986332474775
"CRI",7,9,2008,45.74681119902930499,25236.887808535058044
"CRI",7,9,2009,105.29839056561257747,57600.82787975388911
"CRI",7,9,2010,6.52400051643988915,3564.17301926987474
"CRI",7,9,2011,50.98080278486926581,28159.09006898748336
"CRI",7,9,2012,44.68442356491536723,24634.940696286213135
"CRI",7,9,2013,6.59972055388563376,3819.543875774259702
"CRI",7,9,2014,1.89650189247829870,1107.64208847482956
"CRI",7,9,2015,5.53810268035752978,2950.48083335739029
"CRI",7,9,2016,14.33786443405815989,9981.17037534913785
"CRI",7,9,2017,34.89594113985837523,23333.370745599216353
"CRI",7,9,2018,39.14396298822321964,22782.55801710149362
"CRI",7,9,2019,32.16333967798504075,20766.226339223866349
"CRI",7,9,2020,19.72323258272135364,12144.93394583658839
"CRI",7,9,2021,11.75816653284288136,7459.20009334595589
"CRI",7,9,2022,34.13749483352540388,16221.17201454344547
"CRI",7,9,2023,26.93128933668294558,15151.2445369024502
"CRI",7,9,2024,15.70336392050510302,9868.52135447973065
"CRI",7,9,2025,8.95165496198296577,5286.4886325162961
